2022-10-27 10:29:40,1666837780,cpus:1
2022-10-27 10:34:40,1666838080,cpus:2
2022-10-27 10:39:40,1666838380,cpus:3
2022-10-27 10:44:40,1666838680,cpus:4
2022-10-27 10:49:40,1666838980,cpus:5
2022-10-27 10:54:40,1666839280,cpus:6
2022-10-27 10:59:40,1666839580,cpus:7
2022-10-27 11:04:40,1666839880,cpus:8
2022-10-27 11:09:40,1666840180,cpus:9
2022-10-27 11:14:40,1666840480,cpus:10
2022-10-27 11:19:40,1666840780,cpus:11
2022-10-27 11:24:40,1666841080,cpus:12
2022-10-27 11:29:41,1666841381,cpus:13
2022-10-27 11:34:41,1666841681,cpus:14
2022-10-27 11:39:41,1666841981,cpus:15
2022-10-27 11:44:41,1666842281,cpus:16
2022-10-27 11:49:41,1666842581,cpus:17
2022-10-27 11:54:41,1666842881,cpus:18
2022-10-27 11:59:41,1666843181,cpus:19
2022-10-27 12:04:41,1666843481,cpus:20
2022-10-27 12:09:41,1666843781,cpus:21
2022-10-27 12:14:41,1666844081,cpus:22
2022-10-27 12:19:41,1666844381,cpus:23
2022-10-27 12:24:41,1666844681,cpus:24
2022-10-27 12:29:41,1666844981,cpus:25
2022-10-27 12:34:41,1666845281,cpus:26
2022-10-27 12:39:41,1666845581,cpus:27
2022-10-27 12:44:41,1666845881,cpus:28
2022-10-27 12:49:41,1666846181,cpus:29
2022-10-27 12:54:41,1666846481,cpus:30
2022-10-27 12:59:41,1666846781,cpus:31
2022-10-27 13:04:41,1666847081,cpus:32
2022-10-27 13:09:41,1666847381,cpus:33
2022-10-27 13:14:41,1666847681,cpus:34
2022-10-27 13:19:41,1666847981,cpus:35
2022-10-27 13:24:41,1666848281,cpus:36
2022-10-27 13:29:41,1666848581,cpus:37
2022-10-27 13:34:41,1666848881,cpus:38
2022-10-27 13:39:41,1666849181,cpus:39
2022-10-27 13:44:41,1666849481,cpus:40
2022-10-27 13:49:41,1666849781,cpus:41
