2022-10-26 12:01:37,1666756897,0.801
2022-10-26 12:01:40,1666756900,0.777667
2022-10-26 12:01:42,1666756902,0.79
2022-10-26 12:01:45,1666756905,0.791
2022-10-26 12:01:47,1666756907,0.781
2022-10-26 12:01:50,1666756910,0.796667
2022-10-26 12:01:52,1666756912,0.789333
2022-10-26 12:01:55,1666756915,0.785667
2022-10-26 12:01:57,1666756917,0.785
2022-10-26 12:02:00,1666756920,0.791333
2022-10-26 12:02:03,1666756923,0.786333
2022-10-26 12:02:05,1666756925,0.801333
2022-10-26 12:02:08,1666756928,0.773
2022-10-26 12:02:10,1666756930,0.794
2022-10-26 12:02:13,1666756933,0.786333
2022-10-26 12:02:15,1666756935,0.799
2022-10-26 12:02:18,1666756938,0.798667
2022-10-26 12:02:20,1666756940,0.794333
2022-10-26 12:02:23,1666756943,0.795333
2022-10-26 12:02:26,1666756946,0.8
2022-10-26 12:02:28,1666756948,0.797667
2022-10-26 12:02:31,1666756951,0.797
2022-10-26 12:02:33,1666756953,0.780667
2022-10-26 12:02:36,1666756956,0.802333
2022-10-26 12:02:38,1666756958,0.793667
2022-10-26 12:02:41,1666756961,0.796667
2022-10-26 12:02:44,1666756964,0.786
2022-10-26 12:02:46,1666756966,0.804333
2022-10-26 12:02:49,1666756969,0.797667
2022-10-26 12:02:51,1666756971,0.801333
2022-10-26 12:02:54,1666756974,0.791
2022-10-26 12:02:57,1666756977,0.795333
2022-10-26 12:02:59,1666756979,0.784
2022-10-26 12:03:02,1666756982,0.772667
2022-10-26 12:03:04,1666756984,0.809333
2022-10-26 12:03:07,1666756987,0.799
2022-10-26 12:03:09,1666756989,0.792
2022-10-26 12:03:12,1666756992,0.803667
2022-10-26 12:03:14,1666756994,0.793
2022-10-26 12:03:17,1666756997,0.795
2022-10-26 12:03:20,1666757000,0.794
2022-10-26 12:03:22,1666757002,0.795
2022-10-26 12:03:25,1666757005,0.791
2022-10-26 12:03:27,1666757007,0.799333
2022-10-26 12:03:30,1666757010,0.795667
2022-10-26 12:03:32,1666757012,0.791
2022-10-26 12:03:35,1666757015,0.785
2022-10-26 12:03:38,1666757018,0.785333
2022-10-26 12:03:40,1666757020,0.811
2022-10-26 12:03:43,1666757023,0.789
2022-10-26 12:03:45,1666757025,0.804333
2022-10-26 12:03:48,1666757028,0.783
2022-10-26 12:03:50,1666757030,0.812
2022-10-26 12:03:53,1666757033,0.788
2022-10-26 12:03:56,1666757036,0.793
2022-10-26 12:03:58,1666757038,0.793667
2022-10-26 12:04:01,1666757041,0.793667
2022-10-26 12:04:03,1666757043,0.796333
2022-10-26 12:04:06,1666757046,0.802
2022-10-26 12:04:08,1666757048,0.793667
2022-10-26 12:04:11,1666757051,0.803
2022-10-26 12:04:14,1666757054,0.787667
2022-10-26 12:04:16,1666757056,0.798333
2022-10-26 12:04:19,1666757059,0.789667
2022-10-26 12:04:21,1666757061,0.799
2022-10-26 12:04:24,1666757064,0.786333
2022-10-26 12:04:26,1666757066,0.800667
2022-10-26 12:04:29,1666757069,0.799667
2022-10-26 12:04:32,1666757072,0.789333
2022-10-26 12:04:34,1666757074,0.806333
2022-10-26 12:04:37,1666757077,0.793
2022-10-26 12:04:39,1666757079,0.783333
2022-10-26 12:04:42,1666757082,0.791
2022-10-26 12:04:44,1666757084,0.779667
2022-10-26 12:04:47,1666757087,0.788333
2022-10-26 12:04:49,1666757089,0.790333
2022-10-26 12:04:52,1666757092,0.788667
2022-10-26 12:04:55,1666757095,0.771
2022-10-26 12:04:57,1666757097,0.796333
2022-10-26 12:05:00,1666757100,0.793
2022-10-26 12:05:02,1666757102,0.783667
2022-10-26 12:05:05,1666757105,0.797
2022-10-26 12:05:07,1666757107,0.784
2022-10-26 12:05:10,1666757110,0.792
2022-10-26 12:05:12,1666757112,0.784
2022-10-26 12:05:15,1666757115,0.790667
2022-10-26 12:05:18,1666757118,0.779333
2022-10-26 12:05:20,1666757120,0.786
2022-10-26 12:05:23,1666757123,0.790667
2022-10-26 12:05:25,1666757125,0.777333
2022-10-26 12:05:28,1666757128,0.787667
2022-10-26 12:05:30,1666757130,0.788
2022-10-26 12:05:33,1666757133,0.797333
2022-10-26 12:05:35,1666757135,0.793333
2022-10-26 12:05:38,1666757138,0.785333
2022-10-26 12:05:40,1666757140,0.791333
2022-10-26 12:05:43,1666757143,0.789
2022-10-26 12:05:46,1666757146,0.797
2022-10-26 12:05:48,1666757148,0.781333
2022-10-26 12:05:51,1666757151,0.802
2022-10-26 12:05:53,1666757153,0.783
2022-10-26 12:05:56,1666757156,0.8
2022-10-26 12:05:58,1666757158,0.774667
2022-10-26 12:06:01,1666757161,0.785
2022-10-26 12:06:03,1666757163,0.781
2022-10-26 12:06:06,1666757166,0.787667
2022-10-26 12:06:09,1666757169,0.780333
2022-10-26 12:06:11,1666757171,0.797
2022-10-26 12:06:14,1666757174,0.802333
2022-10-26 12:06:16,1666757176,0.798667
2022-10-26 12:06:19,1666757179,0.784667
2022-10-26 12:06:21,1666757181,0.804333
2022-10-26 12:06:24,1666757184,0.780333
2022-10-26 12:06:26,1666757186,0.782
2022-10-26 12:06:29,1666757189,0.792
2022-10-26 12:06:32,1666757192,0.784
2022-10-26 12:06:34,1666757194,0.791333
2022-10-26 12:06:37,1666757197,0.810667
2022-10-26 12:06:39,1666757199,0.793667
2022-10-26 12:06:42,1666757202,0.800667
2022-10-26 12:06:45,1666757205,0.796
2022-10-26 12:06:47,1666757207,0.798667
2022-10-26 12:06:50,1666757210,0.777
2022-10-26 12:06:52,1666757212,0.797333
2022-10-26 12:06:55,1666757215,0.796667
2022-10-26 12:06:57,1666757217,0.794
2022-10-26 12:07:00,1666757220,0.800667
2022-10-26 12:07:02,1666757222,0.786667
2022-10-26 12:07:05,1666757225,0.799333
2022-10-26 12:07:08,1666757228,0.786333
2022-10-26 12:07:10,1666757230,0.791333
2022-10-26 12:07:13,1666757233,0.792
2022-10-26 12:07:15,1666757235,0.783333
2022-10-26 12:07:18,1666757238,0.793333
2022-10-26 12:07:20,1666757240,0.788333
2022-10-26 12:07:23,1666757243,0.79
2022-10-26 12:07:26,1666757246,0.808333
2022-10-26 12:07:28,1666757248,0.779
2022-10-26 12:07:31,1666757251,0.788333
2022-10-26 12:07:33,1666757253,0.78
2022-10-26 12:07:36,1666757256,0.792333
2022-10-26 12:07:38,1666757258,0.787333
2022-10-26 12:07:41,1666757261,0.830333
2022-10-26 12:07:44,1666757264,0.803667
2022-10-26 12:07:46,1666757266,0.820333
2022-10-26 12:07:49,1666757269,0.819667
2022-10-26 12:07:52,1666757272,0.818
2022-10-26 12:07:54,1666757274,0.814667
2022-10-26 12:07:57,1666757277,0.832667
2022-10-26 12:08:00,1666757280,0.824333
2022-10-26 12:08:02,1666757282,0.832333
2022-10-26 12:08:05,1666757285,0.829
2022-10-26 12:08:08,1666757288,0.825333
2022-10-26 12:08:10,1666757290,0.824333
2022-10-26 12:08:13,1666757293,0.819667
2022-10-26 12:08:16,1666757296,0.823667
2022-10-26 12:08:18,1666757298,0.817333
2022-10-26 12:08:21,1666757301,0.82
2022-10-26 12:08:23,1666757303,0.821667
2022-10-26 12:08:26,1666757306,0.828
2022-10-26 12:08:29,1666757309,0.827333
2022-10-26 12:08:31,1666757311,0.831667
2022-10-26 12:08:34,1666757314,0.810333
2022-10-26 12:08:37,1666757317,0.808333
2022-10-26 12:08:39,1666757319,0.828333
2022-10-26 12:08:42,1666757322,0.820333
2022-10-26 12:08:45,1666757325,0.834667
2022-10-26 12:08:47,1666757327,0.817667
2022-10-26 12:08:50,1666757330,0.821
2022-10-26 12:08:53,1666757333,0.824667
2022-10-26 12:08:55,1666757335,0.827667
2022-10-26 12:08:58,1666757338,0.819333
2022-10-26 12:09:01,1666757341,0.834667
2022-10-26 12:09:03,1666757343,0.813333
2022-10-26 12:09:06,1666757346,0.831667
2022-10-26 12:09:09,1666757349,0.826333
2022-10-26 12:09:11,1666757351,0.815333
2022-10-26 12:09:14,1666757354,0.812333
2022-10-26 12:09:17,1666757357,0.828
2022-10-26 12:09:19,1666757359,0.815
2022-10-26 12:09:22,1666757362,0.819333
2022-10-26 12:09:25,1666757365,0.824
2022-10-26 12:09:27,1666757367,0.826333
2022-10-26 12:09:30,1666757370,0.815
2022-10-26 12:09:33,1666757373,0.827667
2022-10-26 12:09:35,1666757375,0.818333
2022-10-26 12:09:38,1666757378,0.823
2022-10-26 12:09:40,1666757380,0.820667
2022-10-26 12:09:43,1666757383,0.824
2022-10-26 12:09:46,1666757386,0.818667
2022-10-26 12:09:48,1666757388,0.837333
2022-10-26 12:09:51,1666757391,0.826
2022-10-26 12:09:54,1666757394,0.819333
2022-10-26 12:09:56,1666757396,0.834333
2022-10-26 12:09:59,1666757399,0.814333
2022-10-26 12:10:02,1666757402,0.829333
2022-10-26 12:10:04,1666757404,0.823667
2022-10-26 12:10:07,1666757407,0.825667
2022-10-26 12:10:10,1666757410,0.821
2022-10-26 12:10:12,1666757412,0.824333
2022-10-26 12:10:15,1666757415,0.81
2022-10-26 12:10:18,1666757418,0.821
2022-10-26 12:10:20,1666757420,0.822333
2022-10-26 12:10:23,1666757423,0.83
2022-10-26 12:10:26,1666757426,0.829667
2022-10-26 12:10:28,1666757428,0.812667
2022-10-26 12:10:31,1666757431,0.824333
2022-10-26 12:10:34,1666757434,0.815667
2022-10-26 12:10:36,1666757436,0.821333
2022-10-26 12:10:39,1666757439,0.827
2022-10-26 12:10:42,1666757442,0.818667
2022-10-26 12:10:44,1666757444,0.818667
2022-10-26 12:10:47,1666757447,0.819667
2022-10-26 12:10:50,1666757450,0.818333
2022-10-26 12:10:52,1666757452,0.833667
2022-10-26 12:10:55,1666757455,0.812
2022-10-26 12:10:57,1666757457,0.815667
2022-10-26 12:11:00,1666757460,0.824667
2022-10-26 12:11:03,1666757463,0.825333
2022-10-26 12:11:05,1666757465,0.814667
2022-10-26 12:11:08,1666757468,0.826
2022-10-26 12:11:11,1666757471,0.806333
2022-10-26 12:11:13,1666757473,0.818667
2022-10-26 12:11:16,1666757476,0.820667
2022-10-26 12:11:19,1666757479,0.826667
2022-10-26 12:11:21,1666757481,0.817
2022-10-26 12:11:24,1666757484,0.817
2022-10-26 12:11:27,1666757487,0.834667
2022-10-26 12:11:29,1666757489,0.823
2022-10-26 12:11:32,1666757492,0.827667
2022-10-26 12:11:35,1666757495,0.811667
2022-10-26 12:11:37,1666757497,0.824
2022-10-26 12:11:40,1666757500,0.820333
2022-10-26 12:11:43,1666757503,0.824
2022-10-26 12:11:45,1666757505,0.820667
2022-10-26 12:11:48,1666757508,0.828667
2022-10-26 12:11:50,1666757510,0.816667
2022-10-26 12:11:53,1666757513,0.817333
2022-10-26 12:11:56,1666757516,0.823667
2022-10-26 12:11:58,1666757518,0.834
2022-10-26 12:12:01,1666757521,0.817333
2022-10-26 12:12:04,1666757524,0.826333
2022-10-26 12:12:06,1666757526,0.825667
2022-10-26 12:12:09,1666757529,0.817333
2022-10-26 12:12:12,1666757532,0.827667
2022-10-26 12:12:14,1666757534,0.812333
2022-10-26 12:12:17,1666757537,0.824333
2022-10-26 12:12:20,1666757540,0.810333
2022-10-26 12:12:22,1666757542,0.827
2022-10-26 12:12:25,1666757545,0.814
2022-10-26 12:12:28,1666757548,0.830333
2022-10-26 12:12:30,1666757550,0.809
2022-10-26 12:12:33,1666757553,0.807667
2022-10-26 12:12:36,1666757556,0.816333
2022-10-26 12:12:38,1666757558,0.826333
2022-10-26 12:12:41,1666757561,0.846333
2022-10-26 12:12:44,1666757564,0.877
2022-10-26 12:12:47,1666757567,0.869
2022-10-26 12:12:49,1666757569,0.853
2022-10-26 12:12:52,1666757572,0.858
2022-10-26 12:12:55,1666757575,0.838333
2022-10-26 12:12:58,1666757578,0.85
2022-10-26 12:13:00,1666757580,0.831
2022-10-26 12:13:03,1666757583,0.847
2022-10-26 12:13:06,1666757586,0.841667
2022-10-26 12:13:08,1666757588,0.834667
2022-10-26 12:13:11,1666757591,0.840333
2022-10-26 12:13:14,1666757594,0.841667
2022-10-26 12:13:16,1666757596,0.845333
2022-10-26 12:13:19,1666757599,0.849667
2022-10-26 12:13:22,1666757602,0.848
2022-10-26 12:13:25,1666757605,0.844667
2022-10-26 12:13:27,1666757607,0.851333
2022-10-26 12:13:30,1666757610,0.846333
2022-10-26 12:13:33,1666757613,0.855
2022-10-26 12:13:36,1666757616,0.843667
2022-10-26 12:13:38,1666757618,0.854667
2022-10-26 12:13:41,1666757621,0.841333
2022-10-26 12:13:44,1666757624,0.848333
2022-10-26 12:13:47,1666757627,0.858
2022-10-26 12:13:49,1666757629,0.847667
2022-10-26 12:13:52,1666757632,0.848
2022-10-26 12:13:55,1666757635,0.865
2022-10-26 12:13:58,1666757638,0.854333
2022-10-26 12:14:00,1666757640,0.846
2022-10-26 12:14:03,1666757643,0.851
2022-10-26 12:14:06,1666757646,0.847667
2022-10-26 12:14:09,1666757649,0.851333
2022-10-26 12:14:11,1666757651,0.853
2022-10-26 12:14:14,1666757654,0.845667
2022-10-26 12:14:17,1666757657,0.849667
2022-10-26 12:14:19,1666757659,0.840667
2022-10-26 12:14:22,1666757662,0.850667
2022-10-26 12:14:25,1666757665,0.855667
2022-10-26 12:14:28,1666757668,0.846667
2022-10-26 12:14:30,1666757670,0.858333
2022-10-26 12:14:33,1666757673,0.852
2022-10-26 12:14:36,1666757676,0.851333
2022-10-26 12:14:39,1666757679,0.852333
2022-10-26 12:14:41,1666757681,0.848667
2022-10-26 12:14:44,1666757684,0.861667
2022-10-26 12:14:47,1666757687,0.849
2022-10-26 12:14:50,1666757690,0.848667
2022-10-26 12:14:52,1666757692,0.852333
2022-10-26 12:14:55,1666757695,0.842333
2022-10-26 12:14:58,1666757698,0.856333
2022-10-26 12:15:01,1666757701,0.861
2022-10-26 12:15:03,1666757703,0.857333
2022-10-26 12:15:06,1666757706,0.847333
2022-10-26 12:15:09,1666757709,0.841667
2022-10-26 12:15:12,1666757712,0.856
2022-10-26 12:15:14,1666757714,0.844
2022-10-26 12:15:17,1666757717,0.847333
2022-10-26 12:15:20,1666757720,0.848
2022-10-26 12:15:22,1666757722,0.842
2022-10-26 12:15:25,1666757725,0.849333
2022-10-26 12:15:28,1666757728,0.842333
2022-10-26 12:15:31,1666757731,0.847667
2022-10-26 12:15:33,1666757733,0.838
2022-10-26 12:15:36,1666757736,0.857333
2022-10-26 12:15:39,1666757739,0.84
2022-10-26 12:15:42,1666757742,0.848
2022-10-26 12:15:44,1666757744,0.854
2022-10-26 12:15:47,1666757747,0.843
2022-10-26 12:15:50,1666757750,0.846667
2022-10-26 12:15:52,1666757752,0.832667
2022-10-26 12:15:55,1666757755,0.845333
2022-10-26 12:15:58,1666757758,0.846667
2022-10-26 12:16:01,1666757761,0.852667
2022-10-26 12:16:03,1666757763,0.830667
2022-10-26 12:16:06,1666757766,0.852
2022-10-26 12:16:09,1666757769,0.846667
2022-10-26 12:16:12,1666757772,0.843
2022-10-26 12:16:14,1666757774,0.844333
2022-10-26 12:16:17,1666757777,0.859
2022-10-26 12:16:20,1666757780,0.848
2022-10-26 12:16:22,1666757782,0.857
2022-10-26 12:16:25,1666757785,0.845
2022-10-26 12:16:28,1666757788,0.843
2022-10-26 12:16:31,1666757791,0.865667
2022-10-26 12:16:33,1666757793,0.847667
2022-10-26 12:16:36,1666757796,0.864667
2022-10-26 12:16:39,1666757799,0.841667
2022-10-26 12:16:42,1666757802,0.841333
2022-10-26 12:16:44,1666757804,0.844
2022-10-26 12:16:47,1666757807,0.850333
2022-10-26 12:16:50,1666757810,0.853
2022-10-26 12:16:53,1666757813,0.856333
2022-10-26 12:16:55,1666757815,0.853667
2022-10-26 12:16:58,1666757818,0.849
2022-10-26 12:17:01,1666757821,0.857667
2022-10-26 12:17:04,1666757824,0.841333
2022-10-26 12:17:06,1666757826,0.844333
2022-10-26 12:17:09,1666757829,0.834667
2022-10-26 12:17:12,1666757832,0.858333
2022-10-26 12:17:14,1666757834,0.846
2022-10-26 12:17:17,1666757837,0.847667
2022-10-26 12:17:20,1666757840,0.847
2022-10-26 12:17:23,1666757843,0.844
2022-10-26 12:17:25,1666757845,0.850333
2022-10-26 12:17:28,1666757848,0.845667
2022-10-26 12:17:31,1666757851,0.857667
2022-10-26 12:17:34,1666757854,0.854
2022-10-26 12:17:36,1666757856,0.856667
2022-10-26 12:17:39,1666757859,0.838667
2022-10-26 12:17:42,1666757862,0.926
2022-10-26 12:17:45,1666757865,0.873333
2022-10-26 12:17:48,1666757868,0.887
2022-10-26 12:17:51,1666757871,0.869
2022-10-26 12:17:53,1666757873,0.871
2022-10-26 12:17:56,1666757876,0.872
2022-10-26 12:17:59,1666757879,0.871
2022-10-26 12:18:02,1666757882,0.886333
2022-10-26 12:18:05,1666757885,0.857333
2022-10-26 12:18:07,1666757887,0.873333
2022-10-26 12:18:10,1666757890,0.870333
2022-10-26 12:18:13,1666757893,0.873333
2022-10-26 12:18:16,1666757896,0.873
2022-10-26 12:18:19,1666757899,0.878667
2022-10-26 12:18:21,1666757901,0.872
2022-10-26 12:18:24,1666757904,0.864
2022-10-26 12:18:27,1666757907,0.875
2022-10-26 12:18:30,1666757910,0.877333
2022-10-26 12:18:33,1666757913,0.888667
2022-10-26 12:18:36,1666757916,0.864
2022-10-26 12:18:38,1666757918,0.883333
2022-10-26 12:18:41,1666757921,0.870333
2022-10-26 12:18:44,1666757924,0.876
2022-10-26 12:18:47,1666757927,0.864333
2022-10-26 12:18:50,1666757930,0.88
2022-10-26 12:18:52,1666757932,0.860333
2022-10-26 12:18:55,1666757935,0.867333
2022-10-26 12:18:58,1666757938,0.872
2022-10-26 12:19:01,1666757941,0.872667
2022-10-26 12:19:04,1666757944,0.879333
2022-10-26 12:19:06,1666757946,0.867
2022-10-26 12:19:09,1666757949,0.872667
2022-10-26 12:19:12,1666757952,0.866667
2022-10-26 12:19:15,1666757955,0.882
2022-10-26 12:19:18,1666757958,0.871333
2022-10-26 12:19:21,1666757961,0.873667
2022-10-26 12:19:23,1666757963,0.883333
2022-10-26 12:19:26,1666757966,0.870333
2022-10-26 12:19:29,1666757969,0.878667
2022-10-26 12:19:32,1666757972,0.869667
2022-10-26 12:19:35,1666757975,0.874333
2022-10-26 12:19:37,1666757977,0.871667
2022-10-26 12:19:40,1666757980,0.866667
2022-10-26 12:19:43,1666757983,0.875
2022-10-26 12:19:46,1666757986,0.887667
2022-10-26 12:19:49,1666757989,0.867333
2022-10-26 12:19:51,1666757991,0.869667
2022-10-26 12:19:54,1666757994,0.882
2022-10-26 12:19:57,1666757997,0.867333
2022-10-26 12:20:00,1666758000,0.868333
2022-10-26 12:20:03,1666758003,0.877667
2022-10-26 12:20:05,1666758005,0.864
2022-10-26 12:20:08,1666758008,0.868667
2022-10-26 12:20:11,1666758011,0.875333
2022-10-26 12:20:14,1666758014,0.874333
2022-10-26 12:20:17,1666758017,0.876333
2022-10-26 12:20:19,1666758019,0.881333
2022-10-26 12:20:22,1666758022,0.869
2022-10-26 12:20:25,1666758025,0.878
2022-10-26 12:20:28,1666758028,0.864
2022-10-26 12:20:31,1666758031,0.862
2022-10-26 12:20:33,1666758034,0.872667
2022-10-26 12:20:36,1666758036,0.870667
2022-10-26 12:20:39,1666758039,0.879
2022-10-26 12:20:42,1666758042,0.869
2022-10-26 12:20:45,1666758045,0.873333
2022-10-26 12:20:48,1666758048,0.866333
2022-10-26 12:20:50,1666758050,0.867667
2022-10-26 12:20:53,1666758053,0.87
2022-10-26 12:20:56,1666758056,0.864667
2022-10-26 12:20:59,1666758059,0.874667
2022-10-26 12:21:02,1666758062,0.879667
2022-10-26 12:21:04,1666758064,0.871333
2022-10-26 12:21:07,1666758067,0.874
2022-10-26 12:21:10,1666758070,0.869667
2022-10-26 12:21:13,1666758073,0.869
2022-10-26 12:21:16,1666758076,0.873667
2022-10-26 12:21:18,1666758078,0.860333
2022-10-26 12:21:21,1666758081,0.871667
2022-10-26 12:21:24,1666758084,0.870333
2022-10-26 12:21:27,1666758087,0.867667
2022-10-26 12:21:29,1666758089,0.872333
2022-10-26 12:21:32,1666758092,0.871
2022-10-26 12:21:35,1666758095,0.881333
2022-10-26 12:21:38,1666758098,0.883
2022-10-26 12:21:41,1666758101,0.886
2022-10-26 12:21:44,1666758104,0.874
2022-10-26 12:21:46,1666758106,0.874
2022-10-26 12:21:49,1666758109,0.872667
2022-10-26 12:21:52,1666758112,0.879
2022-10-26 12:21:55,1666758115,0.875
2022-10-26 12:21:58,1666758118,0.871667
2022-10-26 12:22:01,1666758121,0.871333
2022-10-26 12:22:03,1666758123,0.869667
2022-10-26 12:22:06,1666758126,0.871
2022-10-26 12:22:09,1666758129,0.868333
2022-10-26 12:22:12,1666758132,0.862
2022-10-26 12:22:14,1666758134,0.868333
2022-10-26 12:22:17,1666758137,0.873333
2022-10-26 12:22:20,1666758140,0.876
2022-10-26 12:22:23,1666758143,0.887
2022-10-26 12:22:26,1666758146,0.871333
2022-10-26 12:22:29,1666758149,0.866667
2022-10-26 12:22:31,1666758151,0.864
2022-10-26 12:22:34,1666758154,0.875
2022-10-26 12:22:37,1666758157,0.879667
2022-10-26 12:22:40,1666758160,0.862667
2022-10-26 12:22:43,1666758163,0.943
2022-10-26 12:22:46,1666758166,0.935333
2022-10-26 12:22:49,1666758169,0.919
2022-10-26 12:22:52,1666758172,0.912333
2022-10-26 12:22:55,1666758175,0.929333
2022-10-26 12:22:58,1666758178,0.927333
2022-10-26 12:23:01,1666758181,0.92
2022-10-26 12:23:03,1666758183,0.907
2022-10-26 12:23:06,1666758186,0.891333
2022-10-26 12:23:09,1666758189,0.924667
2022-10-26 12:23:12,1666758192,0.922333
2022-10-26 12:23:15,1666758195,0.907
2022-10-26 12:23:18,1666758198,0.933
2022-10-26 12:23:21,1666758201,0.930333
2022-10-26 12:23:24,1666758204,0.925333
2022-10-26 12:23:27,1666758207,0.920667
2022-10-26 12:23:30,1666758210,0.933
2022-10-26 12:23:33,1666758213,0.927667
2022-10-26 12:23:36,1666758216,0.928333
2022-10-26 12:23:39,1666758219,0.917667
2022-10-26 12:23:42,1666758222,0.915
2022-10-26 12:23:45,1666758225,0.935333
2022-10-26 12:23:48,1666758228,0.907
2022-10-26 12:23:51,1666758231,0.941333
2022-10-26 12:23:54,1666758234,0.903333
2022-10-26 12:23:57,1666758237,0.928667
2022-10-26 12:24:00,1666758240,0.939667
2022-10-26 12:24:03,1666758243,0.910667
2022-10-26 12:24:06,1666758246,0.929333
2022-10-26 12:24:08,1666758248,0.919333
2022-10-26 12:24:11,1666758251,0.922333
2022-10-26 12:24:14,1666758254,0.914667
2022-10-26 12:24:17,1666758257,0.903
2022-10-26 12:24:20,1666758260,0.922667
2022-10-26 12:24:23,1666758263,0.910667
2022-10-26 12:24:26,1666758266,0.943333
2022-10-26 12:24:29,1666758269,0.914
2022-10-26 12:24:32,1666758272,0.918333
2022-10-26 12:24:35,1666758275,0.939333
2022-10-26 12:24:38,1666758278,0.918333
2022-10-26 12:24:41,1666758281,0.913667
2022-10-26 12:24:44,1666758284,0.914
2022-10-26 12:24:47,1666758287,0.939
2022-10-26 12:24:50,1666758290,0.923333
2022-10-26 12:24:53,1666758293,0.930333
2022-10-26 12:24:56,1666758296,0.927
2022-10-26 12:24:59,1666758299,0.922333
2022-10-26 12:25:02,1666758302,0.917667
2022-10-26 12:25:05,1666758305,0.925333
2022-10-26 12:25:08,1666758308,0.932
2022-10-26 12:25:11,1666758311,0.918333
2022-10-26 12:25:13,1666758313,0.927
2022-10-26 12:25:17,1666758317,0.951333
2022-10-26 12:25:19,1666758319,0.911
2022-10-26 12:25:22,1666758322,0.930667
2022-10-26 12:25:25,1666758325,0.922333
2022-10-26 12:25:28,1666758328,0.925667
2022-10-26 12:25:31,1666758331,0.901667
2022-10-26 12:25:34,1666758334,0.913
2022-10-26 12:25:37,1666758337,0.907667
2022-10-26 12:25:40,1666758340,0.918667
2022-10-26 12:25:43,1666758343,0.926667
2022-10-26 12:25:46,1666758346,0.925667
2022-10-26 12:25:49,1666758349,0.923333
2022-10-26 12:25:52,1666758352,0.919
2022-10-26 12:25:55,1666758355,0.918
2022-10-26 12:25:58,1666758358,0.923
2022-10-26 12:26:01,1666758361,0.908667
2022-10-26 12:26:04,1666758364,0.932667
2022-10-26 12:26:07,1666758367,0.901
2022-10-26 12:26:10,1666758370,0.914
2022-10-26 12:26:12,1666758372,0.900667
2022-10-26 12:26:15,1666758375,0.906333
2022-10-26 12:26:18,1666758378,0.921667
2022-10-26 12:26:21,1666758381,0.898333
2022-10-26 12:26:24,1666758384,0.927667
2022-10-26 12:26:27,1666758387,0.924667
2022-10-26 12:26:30,1666758390,0.921333
2022-10-26 12:26:33,1666758393,0.923333
2022-10-26 12:26:36,1666758396,0.908333
2022-10-26 12:26:39,1666758399,0.919667
2022-10-26 12:26:42,1666758402,0.927667
2022-10-26 12:26:45,1666758405,0.921
2022-10-26 12:26:48,1666758408,0.907667
2022-10-26 12:26:51,1666758411,0.925
2022-10-26 12:26:54,1666758414,0.925333
2022-10-26 12:26:57,1666758417,0.906
2022-10-26 12:27:00,1666758420,0.933667
2022-10-26 12:27:03,1666758423,0.926333
2022-10-26 12:27:05,1666758425,0.918
2022-10-26 12:27:08,1666758428,0.936
2022-10-26 12:27:11,1666758431,0.919333
2022-10-26 12:27:14,1666758434,0.922667
2022-10-26 12:27:17,1666758437,0.916333
2022-10-26 12:27:20,1666758440,0.926667
2022-10-26 12:27:23,1666758443,0.908
2022-10-26 12:27:26,1666758446,0.918
2022-10-26 12:27:29,1666758449,0.899
2022-10-26 12:27:32,1666758452,0.901333
2022-10-26 12:27:35,1666758455,0.920667
2022-10-26 12:27:38,1666758458,0.926667
2022-10-26 12:27:41,1666758461,0.957333
2022-10-26 12:27:44,1666758464,0.972333
2022-10-26 12:27:47,1666758467,0.950667
2022-10-26 12:27:50,1666758470,0.947667
2022-10-26 12:27:53,1666758473,0.952
2022-10-26 12:27:56,1666758476,0.953333
2022-10-26 12:27:59,1666758479,0.927
2022-10-26 12:28:02,1666758482,0.949
2022-10-26 12:28:05,1666758485,0.92
2022-10-26 12:28:08,1666758488,0.944333
2022-10-26 12:28:11,1666758491,0.931667
2022-10-26 12:28:14,1666758494,0.957
2022-10-26 12:28:17,1666758497,0.958
2022-10-26 12:28:20,1666758500,0.940333
2022-10-26 12:28:23,1666758503,0.944
2022-10-26 12:28:26,1666758506,0.910333
2022-10-26 12:28:29,1666758509,0.936
2022-10-26 12:28:32,1666758512,0.936333
2022-10-26 12:28:35,1666758515,0.921
2022-10-26 12:28:38,1666758518,0.959667
2022-10-26 12:28:41,1666758521,0.924333
2022-10-26 12:28:44,1666758524,0.946333
2022-10-26 12:28:47,1666758527,0.949667
2022-10-26 12:28:51,1666758531,0.954
2022-10-26 12:28:54,1666758534,0.953667
2022-10-26 12:28:57,1666758537,0.952667
2022-10-26 12:29:00,1666758540,0.939333
2022-10-26 12:29:03,1666758543,0.922
2022-10-26 12:29:06,1666758546,0.94
2022-10-26 12:29:09,1666758549,0.949667
2022-10-26 12:29:12,1666758552,0.939333
2022-10-26 12:29:15,1666758555,0.981667
2022-10-26 12:29:18,1666758558,0.938333
2022-10-26 12:29:21,1666758561,0.926667
2022-10-26 12:29:24,1666758564,0.950333
2022-10-26 12:29:27,1666758567,0.945
2022-10-26 12:29:30,1666758570,0.963667
2022-10-26 12:29:33,1666758573,0.925333
2022-10-26 12:29:36,1666758576,0.939
2022-10-26 12:29:39,1666758579,0.938333
2022-10-26 12:29:42,1666758582,0.938
2022-10-26 12:29:45,1666758585,0.963667
2022-10-26 12:29:48,1666758588,0.939
2022-10-26 12:29:51,1666758591,0.95
2022-10-26 12:29:54,1666758594,0.942333
2022-10-26 12:29:57,1666758597,0.925333
2022-10-26 12:30:00,1666758600,0.947667
2022-10-26 12:30:03,1666758603,0.954
2022-10-26 12:30:06,1666758606,0.945333
2022-10-26 12:30:09,1666758609,0.936333
2022-10-26 12:30:12,1666758612,0.951667
2022-10-26 12:30:15,1666758615,0.958333
2022-10-26 12:30:18,1666758618,0.951667
2022-10-26 12:30:21,1666758621,0.942
2022-10-26 12:30:24,1666758624,0.952
2022-10-26 12:30:28,1666758628,0.951333
2022-10-26 12:30:31,1666758631,0.943333
2022-10-26 12:30:34,1666758634,0.951667
2022-10-26 12:30:37,1666758637,0.943333
2022-10-26 12:30:40,1666758640,0.949
2022-10-26 12:30:43,1666758643,0.965333
2022-10-26 12:30:46,1666758646,0.949
2022-10-26 12:30:49,1666758649,0.931333
2022-10-26 12:30:52,1666758652,0.937
2022-10-26 12:30:55,1666758655,0.923
2022-10-26 12:30:58,1666758658,0.931
2022-10-26 12:31:01,1666758661,0.923667
2022-10-26 12:31:04,1666758664,0.938667
2022-10-26 12:31:07,1666758667,0.935
2022-10-26 12:31:10,1666758670,0.944333
2022-10-26 12:31:13,1666758673,0.949
2022-10-26 12:31:16,1666758676,0.939667
2022-10-26 12:31:19,1666758679,0.933
2022-10-26 12:31:22,1666758682,0.951667
2022-10-26 12:31:25,1666758685,0.932
2022-10-26 12:31:28,1666758688,0.928
2022-10-26 12:31:31,1666758691,0.932333
2022-10-26 12:31:34,1666758694,0.945
2022-10-26 12:31:37,1666758697,0.935333
2022-10-26 12:31:40,1666758700,0.960667
2022-10-26 12:31:43,1666758703,0.921667
2022-10-26 12:31:46,1666758706,0.927333
2022-10-26 12:31:49,1666758709,0.960667
2022-10-26 12:31:52,1666758712,0.934333
2022-10-26 12:31:55,1666758715,0.957
2022-10-26 12:31:58,1666758718,0.940667
2022-10-26 12:32:01,1666758721,0.963
2022-10-26 12:32:04,1666758724,0.951667
2022-10-26 12:32:07,1666758727,0.920667
2022-10-26 12:32:10,1666758730,0.926333
2022-10-26 12:32:13,1666758733,0.925333
2022-10-26 12:32:16,1666758736,0.956333
2022-10-26 12:32:19,1666758739,0.934667
2022-10-26 12:32:22,1666758742,0.955
2022-10-26 12:32:25,1666758745,0.937333
2022-10-26 12:32:28,1666758748,0.944
2022-10-26 12:32:31,1666758751,0.951667
2022-10-26 12:32:34,1666758754,0.945333
2022-10-26 12:32:37,1666758757,0.947667
2022-10-26 12:32:40,1666758760,0.945667
2022-10-26 12:32:44,1666758764,1.05
2022-10-26 12:32:47,1666758767,0.999
2022-10-26 12:32:50,1666758770,0.995
2022-10-26 12:32:53,1666758773,0.987
2022-10-26 12:32:56,1666758776,0.993333
2022-10-26 12:33:00,1666758780,0.990333
2022-10-26 12:33:03,1666758783,0.991333
2022-10-26 12:33:06,1666758786,1.007
2022-10-26 12:33:09,1666758789,1.00467
2022-10-26 12:33:12,1666758792,0.997
2022-10-26 12:33:16,1666758796,0.984
2022-10-26 12:33:19,1666758799,0.990333
2022-10-26 12:33:22,1666758802,0.989
2022-10-26 12:33:25,1666758805,0.983
2022-10-26 12:33:28,1666758808,1.001
2022-10-26 12:33:31,1666758811,0.992667
2022-10-26 12:33:35,1666758815,1
2022-10-26 12:33:38,1666758818,0.976
2022-10-26 12:33:41,1666758821,1.007
2022-10-26 12:33:44,1666758824,0.997333
2022-10-26 12:33:47,1666758827,0.995333
2022-10-26 12:33:50,1666758830,0.993667
2022-10-26 12:33:54,1666758834,0.964333
2022-10-26 12:33:57,1666758837,1.013
2022-10-26 12:34:00,1666758840,1.00833
2022-10-26 12:34:03,1666758843,0.976333
2022-10-26 12:34:06,1666758846,1.00533
2022-10-26 12:34:10,1666758850,1.00167
2022-10-26 12:34:13,1666758853,0.972
2022-10-26 12:34:16,1666758856,1.01733
2022-10-26 12:34:19,1666758859,0.985333
2022-10-26 12:34:22,1666758862,0.995
2022-10-26 12:34:25,1666758865,0.975333
2022-10-26 12:34:29,1666758869,1.00333
2022-10-26 12:34:32,1666758872,0.964333
2022-10-26 12:34:35,1666758875,0.975667
2022-10-26 12:34:38,1666758878,0.994333
2022-10-26 12:34:41,1666758881,1.02067
2022-10-26 12:34:44,1666758884,1.01067
2022-10-26 12:34:48,1666758888,1.00367
2022-10-26 12:34:51,1666758891,0.979333
2022-10-26 12:34:54,1666758894,0.974
2022-10-26 12:34:57,1666758897,0.994667
2022-10-26 12:35:00,1666758900,0.971333
2022-10-26 12:35:03,1666758903,0.987333
2022-10-26 12:35:07,1666758907,0.988667
2022-10-26 12:35:10,1666758910,0.988333
2022-10-26 12:35:13,1666758913,0.988
2022-10-26 12:35:16,1666758916,0.975333
2022-10-26 12:35:19,1666758919,0.997
2022-10-26 12:35:22,1666758922,1.00067
2022-10-26 12:35:25,1666758925,0.972333
2022-10-26 12:35:29,1666758929,1.021
2022-10-26 12:35:32,1666758932,0.996667
2022-10-26 12:35:35,1666758935,0.994333
2022-10-26 12:35:38,1666758938,0.988
2022-10-26 12:35:41,1666758941,0.999
2022-10-26 12:35:45,1666758945,0.982333
2022-10-26 12:35:48,1666758948,0.986333
2022-10-26 12:35:51,1666758951,0.984333
2022-10-26 12:35:54,1666758954,0.991333
2022-10-26 12:35:57,1666758957,0.984
2022-10-26 12:36:00,1666758960,0.987
2022-10-26 12:36:04,1666758964,0.985
2022-10-26 12:36:07,1666758967,0.983667
2022-10-26 12:36:10,1666758970,0.984
2022-10-26 12:36:13,1666758973,0.988333
2022-10-26 12:36:16,1666758976,0.973333
2022-10-26 12:36:19,1666758979,1.00067
2022-10-26 12:36:23,1666758983,0.993333
2022-10-26 12:36:26,1666758986,1.002
2022-10-26 12:36:29,1666758989,0.989
2022-10-26 12:36:32,1666758992,0.981
2022-10-26 12:36:35,1666758995,0.983
2022-10-26 12:36:38,1666758998,0.988667
2022-10-26 12:36:42,1666759002,0.990667
2022-10-26 12:36:45,1666759005,0.991667
2022-10-26 12:36:48,1666759008,1.022
2022-10-26 12:36:51,1666759011,0.971667
2022-10-26 12:36:54,1666759014,0.968333
2022-10-26 12:36:57,1666759017,0.990667
2022-10-26 12:37:01,1666759021,0.974667
2022-10-26 12:37:04,1666759024,0.974333
2022-10-26 12:37:07,1666759027,0.992
2022-10-26 12:37:10,1666759030,0.978333
2022-10-26 12:37:13,1666759033,0.987
2022-10-26 12:37:16,1666759036,0.986333
2022-10-26 12:37:19,1666759039,0.975
2022-10-26 12:37:23,1666759043,0.979667
2022-10-26 12:37:26,1666759046,0.980667
2022-10-26 12:37:29,1666759049,0.987333
2022-10-26 12:37:32,1666759052,0.984
2022-10-26 12:37:35,1666759055,0.974
2022-10-26 12:37:38,1666759058,1.00367
2022-10-26 12:37:42,1666759062,0.994
2022-10-26 12:37:45,1666759065,1.07533
2022-10-26 12:37:48,1666759068,1.08
2022-10-26 12:37:52,1666759072,1.12233
2022-10-26 12:37:55,1666759075,1.07767
2022-10-26 12:37:59,1666759079,1.09767
2022-10-26 12:38:02,1666759082,1.04967
2022-10-26 12:38:06,1666759086,1.043
2022-10-26 12:38:09,1666759089,1.01967
2022-10-26 12:38:12,1666759092,1.04333
2022-10-26 12:38:16,1666759096,1.052
2022-10-26 12:38:19,1666759099,1.03
2022-10-26 12:38:22,1666759102,1.036
2022-10-26 12:38:26,1666759106,1.04533
2022-10-26 12:38:29,1666759109,1.00333
2022-10-26 12:38:32,1666759112,1.04667
2022-10-26 12:38:35,1666759115,1.05567
2022-10-26 12:38:39,1666759119,1.025
2022-10-26 12:38:42,1666759122,1.09433
2022-10-26 12:38:46,1666759126,1.09667
2022-10-26 12:38:49,1666759129,1.04167
2022-10-26 12:38:52,1666759132,1.01767
2022-10-26 12:38:56,1666759136,1.107
2022-10-26 12:38:59,1666759139,1.038
2022-10-26 12:39:03,1666759143,1.064
2022-10-26 12:39:06,1666759146,1.04967
2022-10-26 12:39:09,1666759149,1.072
2022-10-26 12:39:13,1666759153,1.05667
2022-10-26 12:39:16,1666759156,1.055
2022-10-26 12:39:19,1666759159,1.014
2022-10-26 12:39:23,1666759163,1.06867
2022-10-26 12:39:26,1666759166,1.084
2022-10-26 12:39:30,1666759170,1.107
2022-10-26 12:39:33,1666759173,1.101
2022-10-26 12:39:36,1666759176,1.06333
2022-10-26 12:39:40,1666759180,1.04367
2022-10-26 12:39:43,1666759183,1.04333
2022-10-26 12:39:47,1666759187,1.096
2022-10-26 12:39:50,1666759190,1.09433
2022-10-26 12:39:53,1666759193,1.10267
2022-10-26 12:39:57,1666759197,1.047
2022-10-26 12:40:00,1666759200,1.05567
2022-10-26 12:40:03,1666759203,1.03867
2022-10-26 12:40:07,1666759207,1.02167
2022-10-26 12:40:10,1666759210,1.082
2022-10-26 12:40:14,1666759214,1.058
2022-10-26 12:40:17,1666759217,1.045
2022-10-26 12:40:20,1666759220,1.056
2022-10-26 12:40:24,1666759224,1.031
2022-10-26 12:40:27,1666759227,1.08067
2022-10-26 12:40:30,1666759230,1.04367
2022-10-26 12:40:34,1666759234,1.03
2022-10-26 12:40:37,1666759237,1.02333
2022-10-26 12:40:40,1666759240,1.05433
2022-10-26 12:40:43,1666759243,1.032
2022-10-26 12:40:47,1666759247,1.07033
2022-10-26 12:40:50,1666759250,1.08167
2022-10-26 12:40:54,1666759254,1.09167
2022-10-26 12:40:57,1666759257,1.10167
2022-10-26 12:41:01,1666759261,1.11467
2022-10-26 12:41:04,1666759264,1.07633
2022-10-26 12:41:08,1666759268,1.057
2022-10-26 12:41:11,1666759271,1.067
2022-10-26 12:41:15,1666759275,1.11333
2022-10-26 12:41:18,1666759278,1.09567
2022-10-26 12:41:21,1666759281,1.098
2022-10-26 12:41:25,1666759285,1.11233
2022-10-26 12:41:29,1666759289,1.11133
2022-10-26 12:41:32,1666759292,1.105
2022-10-26 12:41:36,1666759296,1.09233
2022-10-26 12:41:39,1666759299,1.07
2022-10-26 12:41:42,1666759302,1.08067
2022-10-26 12:41:46,1666759306,1.087
2022-10-26 12:41:49,1666759309,1.06133
2022-10-26 12:41:52,1666759312,1.007
2022-10-26 12:41:56,1666759316,1.05333
2022-10-26 12:41:59,1666759319,1.029
2022-10-26 12:42:02,1666759322,1.01667
2022-10-26 12:42:06,1666759326,1.104
2022-10-26 12:42:09,1666759329,1.09633
2022-10-26 12:42:13,1666759333,1.102
2022-10-26 12:42:16,1666759336,1.078
2022-10-26 12:42:20,1666759340,1.114
2022-10-26 12:42:23,1666759343,1.08633
2022-10-26 12:42:27,1666759347,1.07633
2022-10-26 12:42:30,1666759350,1.02333
2022-10-26 12:42:33,1666759353,1.02533
2022-10-26 12:42:37,1666759357,1.068
2022-10-26 12:42:40,1666759360,1.034
2022-10-26 12:42:43,1666759363,1.117
2022-10-26 12:42:47,1666759367,1.13067
2022-10-26 12:42:51,1666759371,1.109
2022-10-26 12:42:54,1666759374,1.14
2022-10-26 12:42:58,1666759378,1.128
2022-10-26 12:43:01,1666759381,1.145
2022-10-26 12:43:05,1666759385,1.13167
2022-10-26 12:43:09,1666759389,1.12033
2022-10-26 12:43:12,1666759392,1.10433
2022-10-26 12:43:16,1666759396,1.124
2022-10-26 12:43:19,1666759399,1.11933
2022-10-26 12:43:23,1666759403,1.09567
2022-10-26 12:43:26,1666759406,1.10033
2022-10-26 12:43:30,1666759410,1.095
2022-10-26 12:43:33,1666759413,1.08033
2022-10-26 12:43:37,1666759417,1.101
2022-10-26 12:43:40,1666759420,1.107
2022-10-26 12:43:44,1666759424,1.094
2022-10-26 12:43:47,1666759427,1.114
2022-10-26 12:43:51,1666759431,1.11033
2022-10-26 12:43:54,1666759434,1.10467
2022-10-26 12:43:58,1666759438,1.13867
2022-10-26 12:44:01,1666759441,1.09833
2022-10-26 12:44:05,1666759445,1.109
2022-10-26 12:44:08,1666759448,1.091
2022-10-26 12:44:12,1666759452,1.126
2022-10-26 12:44:15,1666759455,1.08667
2022-10-26 12:44:19,1666759459,1.115
2022-10-26 12:44:23,1666759463,1.11467
2022-10-26 12:44:26,1666759466,1.13167
2022-10-26 12:44:30,1666759470,1.12433
2022-10-26 12:44:33,1666759473,1.13
2022-10-26 12:44:37,1666759477,1.098
2022-10-26 12:44:40,1666759480,1.09133
2022-10-26 12:44:44,1666759484,1.117
2022-10-26 12:44:47,1666759487,1.10967
2022-10-26 12:44:51,1666759491,1.084
2022-10-26 12:44:54,1666759494,1.12167
2022-10-26 12:44:58,1666759498,1.13067
2022-10-26 12:45:02,1666759502,1.10767
2022-10-26 12:45:05,1666759505,1.12167
2022-10-26 12:45:09,1666759509,1.107
2022-10-26 12:45:12,1666759512,1.078
2022-10-26 12:45:16,1666759516,1.09267
2022-10-26 12:45:19,1666759519,1.107
2022-10-26 12:45:23,1666759523,1.107
2022-10-26 12:45:26,1666759526,1.07633
2022-10-26 12:45:30,1666759530,1.10733
2022-10-26 12:45:33,1666759533,1.08867
2022-10-26 12:45:37,1666759537,1.104
2022-10-26 12:45:40,1666759540,1.10633
2022-10-26 12:45:44,1666759544,1.087
2022-10-26 12:45:47,1666759547,1.12533
2022-10-26 12:45:51,1666759551,1.117
2022-10-26 12:45:54,1666759554,1.09967
2022-10-26 12:45:58,1666759558,1.10833
2022-10-26 12:46:01,1666759561,1.087
2022-10-26 12:46:05,1666759565,1.08967
2022-10-26 12:46:08,1666759568,1.11167
2022-10-26 12:46:12,1666759572,1.11633
2022-10-26 12:46:15,1666759575,1.08433
2022-10-26 12:46:19,1666759579,1.111
2022-10-26 12:46:22,1666759582,1.12767
2022-10-26 12:46:26,1666759586,1.07533
2022-10-26 12:46:29,1666759589,1.09167
2022-10-26 12:46:33,1666759593,1.11067
2022-10-26 12:46:36,1666759596,1.09867
2022-10-26 12:46:40,1666759600,1.099
2022-10-26 12:46:43,1666759603,1.096
2022-10-26 12:46:47,1666759607,1.08033
2022-10-26 12:46:50,1666759610,1.10667
2022-10-26 12:46:54,1666759614,1.13833
2022-10-26 12:46:58,1666759618,1.127
2022-10-26 12:47:01,1666759621,1.12067
2022-10-26 12:47:05,1666759625,1.11433
2022-10-26 12:47:08,1666759628,1.11
2022-10-26 12:47:12,1666759632,1.10467
2022-10-26 12:47:15,1666759635,1.09533
2022-10-26 12:47:19,1666759639,1.11067
2022-10-26 12:47:22,1666759642,1.164
2022-10-26 12:47:26,1666759646,1.11467
2022-10-26 12:47:30,1666759650,1.09633
2022-10-26 12:47:33,1666759653,1.10933
2022-10-26 12:47:37,1666759657,1.123
2022-10-26 12:47:40,1666759660,1.101
2022-10-26 12:47:44,1666759664,1.174
2022-10-26 12:47:48,1666759668,1.22267
2022-10-26 12:47:52,1666759672,1.21733
2022-10-26 12:47:55,1666759675,1.21967
2022-10-26 12:47:59,1666759679,1.21433
2022-10-26 12:48:03,1666759683,1.21233
2022-10-26 12:48:07,1666759687,1.17267
2022-10-26 12:48:11,1666759691,1.19967
2022-10-26 12:48:15,1666759695,1.21933
2022-10-26 12:48:18,1666759698,1.169
2022-10-26 12:48:22,1666759702,1.20067
2022-10-26 12:48:26,1666759706,1.18767
2022-10-26 12:48:30,1666759710,1.201
2022-10-26 12:48:34,1666759714,1.17867
2022-10-26 12:48:37,1666759717,1.182
2022-10-26 12:48:41,1666759721,1.15233
2022-10-26 12:48:45,1666759725,1.17633
2022-10-26 12:48:48,1666759728,1.16567
2022-10-26 12:48:52,1666759732,1.16467
2022-10-26 12:48:56,1666759736,1.163
2022-10-26 12:49:00,1666759740,1.20067
2022-10-26 12:49:03,1666759743,1.18033
2022-10-26 12:49:07,1666759747,1.20933
2022-10-26 12:49:11,1666759751,1.16767
2022-10-26 12:49:15,1666759755,1.21133
2022-10-26 12:49:19,1666759759,1.18733
2022-10-26 12:49:22,1666759762,1.14933
2022-10-26 12:49:26,1666759766,1.165
2022-10-26 12:49:30,1666759770,1.18667
2022-10-26 12:49:33,1666759773,1.17533
2022-10-26 12:49:37,1666759777,1.167
2022-10-26 12:49:41,1666759781,1.201
2022-10-26 12:49:45,1666759785,1.171
2022-10-26 12:49:48,1666759788,1.172
2022-10-26 12:49:52,1666759792,1.174
2022-10-26 12:49:56,1666759796,1.18667
2022-10-26 12:50:00,1666759800,1.18
2022-10-26 12:50:03,1666759803,1.203
2022-10-26 12:50:07,1666759807,1.18467
2022-10-26 12:50:11,1666759811,1.19133
2022-10-26 12:50:15,1666759815,1.18967
2022-10-26 12:50:19,1666759819,1.20233
2022-10-26 12:50:22,1666759822,1.18033
2022-10-26 12:50:26,1666759826,1.18333
2022-10-26 12:50:30,1666759830,1.20533
2022-10-26 12:50:34,1666759834,1.19767
2022-10-26 12:50:37,1666759837,1.19167
2022-10-26 12:50:41,1666759841,1.19
2022-10-26 12:50:45,1666759845,1.19667
2022-10-26 12:50:49,1666759849,1.184
2022-10-26 12:50:52,1666759852,1.154
2022-10-26 12:50:56,1666759856,1.20733
2022-10-26 12:51:00,1666759860,1.179
2022-10-26 12:51:04,1666759864,1.17267
2022-10-26 12:51:08,1666759868,1.17767
2022-10-26 12:51:11,1666759871,1.17967
2022-10-26 12:51:15,1666759875,1.16267
2022-10-26 12:51:19,1666759879,1.197
2022-10-26 12:51:23,1666759883,1.18433
2022-10-26 12:51:26,1666759886,1.17467
2022-10-26 12:51:30,1666759890,1.17233
2022-10-26 12:51:34,1666759894,1.18833
2022-10-26 12:51:38,1666759898,1.18867
2022-10-26 12:51:41,1666759901,1.15967
2022-10-26 12:51:45,1666759905,1.229
2022-10-26 12:51:49,1666759909,1.19233
2022-10-26 12:51:53,1666759913,1.19067
2022-10-26 12:51:57,1666759917,1.19967
2022-10-26 12:52:00,1666759920,1.19967
2022-10-26 12:52:04,1666759924,1.19
2022-10-26 12:52:08,1666759928,1.164
2022-10-26 12:52:12,1666759932,1.18467
2022-10-26 12:52:15,1666759935,1.17733
2022-10-26 12:52:19,1666759939,1.18533
2022-10-26 12:52:23,1666759943,1.19167
2022-10-26 12:52:27,1666759947,1.19033
2022-10-26 12:52:30,1666759950,1.18967
2022-10-26 12:52:34,1666759954,1.19733
2022-10-26 12:52:38,1666759958,1.183
2022-10-26 12:52:42,1666759962,1.21133
2022-10-26 12:52:46,1666759966,1.29167
2022-10-26 12:52:50,1666759970,1.33033
2022-10-26 12:52:54,1666759974,1.30333
2022-10-26 12:52:59,1666759979,1.32267
2022-10-26 12:53:03,1666759983,1.27967
2022-10-26 12:53:07,1666759987,1.27767
2022-10-26 12:53:11,1666759991,1.285
2022-10-26 12:53:15,1666759995,1.28767
2022-10-26 12:53:19,1666759999,1.28867
2022-10-26 12:53:23,1666760003,1.278
2022-10-26 12:53:27,1666760007,1.26867
2022-10-26 12:53:31,1666760011,1.277
2022-10-26 12:53:35,1666760015,1.256
2022-10-26 12:53:39,1666760019,1.28033
2022-10-26 12:53:43,1666760023,1.26367
2022-10-26 12:53:47,1666760027,1.293
2022-10-26 12:53:51,1666760031,1.29333
2022-10-26 12:53:55,1666760035,1.27267
2022-10-26 12:53:59,1666760039,1.29633
2022-10-26 12:54:03,1666760043,1.259
2022-10-26 12:54:07,1666760047,1.281
2022-10-26 12:54:11,1666760051,1.27567
2022-10-26 12:54:15,1666760055,1.28967
2022-10-26 12:54:20,1666760060,1.31
2022-10-26 12:54:24,1666760064,1.25933
2022-10-26 12:54:28,1666760068,1.266
2022-10-26 12:54:32,1666760072,1.25867
2022-10-26 12:54:36,1666760076,1.29067
2022-10-26 12:54:40,1666760080,1.282
2022-10-26 12:54:44,1666760084,1.27567
2022-10-26 12:54:48,1666760088,1.26667
2022-10-26 12:54:52,1666760092,1.28767
2022-10-26 12:54:56,1666760096,1.334
2022-10-26 12:55:00,1666760100,1.283
2022-10-26 12:55:04,1666760104,1.29933
2022-10-26 12:55:08,1666760108,1.29167
2022-10-26 12:55:12,1666760112,1.27167
2022-10-26 12:55:16,1666760116,1.28833
2022-10-26 12:55:20,1666760120,1.27433
2022-10-26 12:55:25,1666760125,1.30533
2022-10-26 12:55:29,1666760129,1.28667
2022-10-26 12:55:33,1666760133,1.27567
2022-10-26 12:55:37,1666760137,1.28533
2022-10-26 12:55:41,1666760141,1.274
2022-10-26 12:55:45,1666760145,1.28867
2022-10-26 12:55:49,1666760149,1.28933
2022-10-26 12:55:53,1666760153,1.29033
2022-10-26 12:55:57,1666760157,1.285
2022-10-26 12:56:01,1666760161,1.29133
2022-10-26 12:56:05,1666760165,1.29233
2022-10-26 12:56:09,1666760169,1.27133
2022-10-26 12:56:13,1666760173,1.28533
2022-10-26 12:56:18,1666760178,1.29767
2022-10-26 12:56:22,1666760182,1.28633
2022-10-26 12:56:26,1666760186,1.25467
2022-10-26 12:56:30,1666760190,1.285
2022-10-26 12:56:34,1666760194,1.271
2022-10-26 12:56:38,1666760198,1.27133
2022-10-26 12:56:42,1666760202,1.269
2022-10-26 12:56:46,1666760206,1.278
2022-10-26 12:56:50,1666760210,1.30133
2022-10-26 12:56:54,1666760214,1.27133
2022-10-26 12:56:58,1666760218,1.28167
2022-10-26 12:57:02,1666760222,1.27367
2022-10-26 12:57:06,1666760226,1.26033
2022-10-26 12:57:10,1666760230,1.30567
2022-10-26 12:57:14,1666760234,1.272
2022-10-26 12:57:18,1666760238,1.27433
2022-10-26 12:57:22,1666760242,1.28833
2022-10-26 12:57:26,1666760246,1.26333
2022-10-26 12:57:30,1666760250,1.26233
2022-10-26 12:57:34,1666760254,1.27467
2022-10-26 12:57:38,1666760258,1.302
2022-10-26 12:57:42,1666760262,1.30633
2022-10-26 12:57:47,1666760267,1.393
2022-10-26 12:57:51,1666760271,1.46233
2022-10-26 12:57:56,1666760276,1.45167
2022-10-26 12:58:00,1666760280,1.42767
2022-10-26 12:58:05,1666760285,1.41167
2022-10-26 12:58:09,1666760289,1.39967
2022-10-26 12:58:14,1666760294,1.38233
2022-10-26 12:58:18,1666760298,1.41867
2022-10-26 12:58:23,1666760303,1.377
2022-10-26 12:58:27,1666760307,1.37567
2022-10-26 12:58:31,1666760311,1.395
2022-10-26 12:58:36,1666760316,1.38867
2022-10-26 12:58:40,1666760320,1.385
2022-10-26 12:58:44,1666760324,1.369
2022-10-26 12:58:49,1666760329,1.40767
2022-10-26 12:58:53,1666760333,1.39467
2022-10-26 12:58:58,1666760338,1.395
2022-10-26 12:59:02,1666760342,1.389
2022-10-26 12:59:06,1666760346,1.368
2022-10-26 12:59:11,1666760351,1.38667
2022-10-26 12:59:15,1666760355,1.41367
2022-10-26 12:59:20,1666760360,1.37367
2022-10-26 12:59:24,1666760364,1.372
2022-10-26 12:59:28,1666760368,1.396
2022-10-26 12:59:33,1666760373,1.40533
2022-10-26 12:59:37,1666760377,1.40767
2022-10-26 12:59:42,1666760382,1.41967
2022-10-26 12:59:46,1666760386,1.385
2022-10-26 12:59:50,1666760390,1.38267
2022-10-26 12:59:55,1666760395,1.39167
2022-10-26 12:59:59,1666760399,1.39333
2022-10-26 13:00:04,1666760404,1.40233
2022-10-26 13:00:08,1666760408,1.39933
2022-10-26 13:00:13,1666760413,1.38833
2022-10-26 13:00:17,1666760417,1.38533
2022-10-26 13:00:21,1666760421,1.38767
2022-10-26 13:00:26,1666760426,1.39567
2022-10-26 13:00:30,1666760430,1.405
2022-10-26 13:00:35,1666760435,1.39767
2022-10-26 13:00:39,1666760439,1.39
2022-10-26 13:00:43,1666760443,1.403
2022-10-26 13:00:48,1666760448,1.39167
2022-10-26 13:00:52,1666760452,1.41633
2022-10-26 13:00:57,1666760457,1.38667
2022-10-26 13:01:01,1666760461,1.38467
2022-10-26 13:01:05,1666760465,1.39267
2022-10-26 13:01:10,1666760470,1.38433
2022-10-26 13:01:14,1666760474,1.37667
2022-10-26 13:01:19,1666760479,1.389
2022-10-26 13:01:23,1666760483,1.388
2022-10-26 13:01:27,1666760487,1.399
2022-10-26 13:01:32,1666760492,1.40233
2022-10-26 13:01:36,1666760496,1.392
2022-10-26 13:01:41,1666760501,1.40267
2022-10-26 13:01:45,1666760505,1.39033
2022-10-26 13:01:49,1666760509,1.375
2022-10-26 13:01:54,1666760514,1.38733
2022-10-26 13:01:58,1666760518,1.41833
2022-10-26 13:02:02,1666760522,1.4
2022-10-26 13:02:07,1666760527,1.35467
2022-10-26 13:02:11,1666760531,1.386
2022-10-26 13:02:16,1666760536,1.397
2022-10-26 13:02:20,1666760540,1.39167
2022-10-26 13:02:24,1666760544,1.39833
2022-10-26 13:02:29,1666760549,1.377
2022-10-26 13:02:33,1666760553,1.38633
2022-10-26 13:02:38,1666760558,1.39867
2022-10-26 13:02:42,1666760562,1.372
2022-10-26 13:02:47,1666760567,1.58467
2022-10-26 13:02:52,1666760572,1.58033
2022-10-26 13:02:57,1666760577,1.526
2022-10-26 13:03:01,1666760581,1.528
2022-10-26 13:03:06,1666760586,1.51267
2022-10-26 13:03:11,1666760591,1.48733
2022-10-26 13:03:16,1666760596,1.52233
2022-10-26 13:03:21,1666760601,1.53333
2022-10-26 13:03:25,1666760605,1.51733
2022-10-26 13:03:30,1666760610,1.541
2022-10-26 13:03:35,1666760615,1.52333
2022-10-26 13:03:40,1666760620,1.50667
2022-10-26 13:03:45,1666760625,1.49933
2022-10-26 13:03:49,1666760629,1.49533
2022-10-26 13:03:54,1666760634,1.513
2022-10-26 13:03:59,1666760639,1.52
2022-10-26 13:04:04,1666760644,1.514
2022-10-26 13:04:08,1666760648,1.546
2022-10-26 13:04:13,1666760653,1.49033
2022-10-26 13:04:18,1666760658,1.51067
2022-10-26 13:04:23,1666760663,1.51333
2022-10-26 13:04:27,1666760667,1.48267
2022-10-26 13:04:32,1666760672,1.56
2022-10-26 13:04:37,1666760677,1.51667
2022-10-26 13:04:42,1666760682,1.51733
2022-10-26 13:04:46,1666760686,1.51
2022-10-26 13:04:51,1666760691,1.50267
2022-10-26 13:04:56,1666760696,1.50233
2022-10-26 13:05:01,1666760701,1.50467
2022-10-26 13:05:05,1666760705,1.48867
2022-10-26 13:05:10,1666760710,1.51267
2022-10-26 13:05:15,1666760715,1.51667
2022-10-26 13:05:20,1666760720,1.50367
2022-10-26 13:05:24,1666760724,1.49433
2022-10-26 13:05:29,1666760729,1.514
2022-10-26 13:05:34,1666760734,1.52633
2022-10-26 13:05:38,1666760738,1.464
2022-10-26 13:05:43,1666760743,1.50367
2022-10-26 13:05:48,1666760748,1.51567
2022-10-26 13:05:53,1666760753,1.51867
2022-10-26 13:05:57,1666760757,1.50633
2022-10-26 13:06:02,1666760762,1.511
2022-10-26 13:06:07,1666760767,1.51967
2022-10-26 13:06:12,1666760772,1.51567
2022-10-26 13:06:17,1666760777,1.49367
2022-10-26 13:06:21,1666760781,1.52367
2022-10-26 13:06:26,1666760786,1.49067
2022-10-26 13:06:31,1666760791,1.50867
2022-10-26 13:06:36,1666760796,1.52767
2022-10-26 13:06:40,1666760800,1.51533
2022-10-26 13:06:45,1666760805,1.51167
2022-10-26 13:06:50,1666760810,1.51333
2022-10-26 13:06:55,1666760815,1.48567
2022-10-26 13:06:59,1666760819,1.52367
2022-10-26 13:07:04,1666760824,1.51767
2022-10-26 13:07:09,1666760829,1.48533
2022-10-26 13:07:14,1666760834,1.502
2022-10-26 13:07:18,1666760838,1.536
2022-10-26 13:07:23,1666760843,1.51133
2022-10-26 13:07:28,1666760848,1.50633
2022-10-26 13:07:33,1666760853,1.478
2022-10-26 13:07:37,1666760857,1.503
2022-10-26 13:07:42,1666760862,1.55267
2022-10-26 13:07:48,1666760868,1.74967
2022-10-26 13:07:53,1666760873,1.70033
2022-10-26 13:07:58,1666760878,1.66767
2022-10-26 13:08:03,1666760883,1.674
2022-10-26 13:08:09,1666760889,1.664
2022-10-26 13:08:14,1666760894,1.67
2022-10-26 13:08:19,1666760899,1.66367
2022-10-26 13:08:24,1666760904,1.65667
2022-10-26 13:08:30,1666760910,1.675
2022-10-26 13:08:35,1666760915,1.665
2022-10-26 13:08:40,1666760920,1.641
2022-10-26 13:08:45,1666760925,1.71133
2022-10-26 13:08:51,1666760931,1.662
2022-10-26 13:08:56,1666760936,1.66
2022-10-26 13:09:01,1666760941,1.64667
2022-10-26 13:09:06,1666760946,1.649
2022-10-26 13:09:12,1666760952,1.68567
2022-10-26 13:09:17,1666760957,1.68
2022-10-26 13:09:22,1666760962,1.64067
2022-10-26 13:09:27,1666760967,1.68067
2022-10-26 13:09:32,1666760972,1.63967
2022-10-26 13:09:38,1666760978,1.689
2022-10-26 13:09:43,1666760983,1.63267
2022-10-26 13:09:48,1666760988,1.66467
2022-10-26 13:09:53,1666760993,1.69
2022-10-26 13:09:59,1666760999,1.712
2022-10-26 13:10:04,1666761004,1.623
2022-10-26 13:10:09,1666761009,1.674
2022-10-26 13:10:14,1666761014,1.64467
2022-10-26 13:10:20,1666761020,1.67167
2022-10-26 13:10:25,1666761025,1.64467
2022-10-26 13:10:30,1666761030,1.653
2022-10-26 13:10:35,1666761035,1.674
2022-10-26 13:10:40,1666761040,1.65
2022-10-26 13:10:46,1666761046,1.65667
2022-10-26 13:10:51,1666761051,1.67367
2022-10-26 13:10:56,1666761056,1.65967
2022-10-26 13:11:01,1666761061,1.651
2022-10-26 13:11:06,1666761066,1.66267
2022-10-26 13:11:12,1666761072,1.67433
2022-10-26 13:11:17,1666761077,1.67267
2022-10-26 13:11:22,1666761082,1.645
2022-10-26 13:11:27,1666761087,1.65567
2022-10-26 13:11:33,1666761093,1.66933
2022-10-26 13:11:38,1666761098,1.662
2022-10-26 13:11:43,1666761103,1.66733
2022-10-26 13:11:48,1666761108,1.668
2022-10-26 13:11:53,1666761113,1.669
2022-10-26 13:11:59,1666761119,1.65633
2022-10-26 13:12:04,1666761124,1.65033
2022-10-26 13:12:09,1666761129,1.67333
2022-10-26 13:12:14,1666761134,1.651
2022-10-26 13:12:20,1666761140,1.67367
2022-10-26 13:12:25,1666761145,1.65067
2022-10-26 13:12:30,1666761150,1.67133
2022-10-26 13:12:35,1666761155,1.68233
2022-10-26 13:12:41,1666761161,1.69367
2022-10-26 13:12:47,1666761167,1.86367
2022-10-26 13:12:52,1666761172,1.86867
2022-10-26 13:12:58,1666761178,1.89967
2022-10-26 13:13:04,1666761184,1.91933
2022-10-26 13:13:10,1666761190,1.88267
2022-10-26 13:13:16,1666761196,1.87633
2022-10-26 13:13:22,1666761202,1.86233
2022-10-26 13:13:28,1666761208,1.811
2022-10-26 13:13:34,1666761214,1.84533
2022-10-26 13:13:39,1666761219,1.84367
2022-10-26 13:13:45,1666761225,1.88033
2022-10-26 13:13:51,1666761231,1.87233
2022-10-26 13:13:57,1666761237,1.88533
2022-10-26 13:14:03,1666761243,1.861
2022-10-26 13:14:09,1666761249,1.846
2022-10-26 13:14:14,1666761254,1.84833
2022-10-26 13:14:20,1666761260,1.86367
2022-10-26 13:14:26,1666761266,1.87133
2022-10-26 13:14:32,1666761272,1.88467
2022-10-26 13:14:38,1666761278,1.84
2022-10-26 13:14:44,1666761284,1.88433
2022-10-26 13:14:49,1666761289,1.87267
2022-10-26 13:14:55,1666761295,1.85833
2022-10-26 13:15:01,1666761301,1.86467
2022-10-26 13:15:07,1666761307,1.88233
2022-10-26 13:15:13,1666761313,1.83867
2022-10-26 13:15:19,1666761319,1.87833
2022-10-26 13:15:25,1666761325,1.903
2022-10-26 13:15:30,1666761330,1.86933
2022-10-26 13:15:36,1666761336,1.859
2022-10-26 13:15:42,1666761342,1.898
2022-10-26 13:15:48,1666761348,1.859
2022-10-26 13:15:54,1666761354,1.883
2022-10-26 13:16:00,1666761360,1.86733
2022-10-26 13:16:06,1666761366,1.861
2022-10-26 13:16:11,1666761371,1.881
2022-10-26 13:16:17,1666761377,1.86567
2022-10-26 13:16:23,1666761383,1.85767
2022-10-26 13:16:29,1666761389,1.82833
2022-10-26 13:16:35,1666761395,1.85433
2022-10-26 13:16:41,1666761401,1.87433
2022-10-26 13:16:46,1666761406,1.87733
2022-10-26 13:16:52,1666761412,1.862
2022-10-26 13:16:58,1666761418,1.84833
2022-10-26 13:17:04,1666761424,1.858
2022-10-26 13:17:10,1666761430,1.84767
2022-10-26 13:17:16,1666761436,1.88433
2022-10-26 13:17:21,1666761441,1.86267
2022-10-26 13:17:27,1666761447,1.884
2022-10-26 13:17:33,1666761453,1.86367
2022-10-26 13:17:39,1666761459,1.84767
2022-10-26 13:17:45,1666761465,2.00367
2022-10-26 13:17:52,1666761472,2.25167
2022-10-26 13:17:59,1666761479,2.15767
2022-10-26 13:18:06,1666761486,2.15133
2022-10-26 13:18:12,1666761492,2.156
2022-10-26 13:18:19,1666761499,2.132
2022-10-26 13:18:26,1666761506,2.143
2022-10-26 13:18:33,1666761513,2.15467
2022-10-26 13:18:39,1666761519,2.19467
2022-10-26 13:18:46,1666761526,2.151
2022-10-26 13:18:53,1666761533,2.13267
2022-10-26 13:18:59,1666761539,2.14967
2022-10-26 13:19:06,1666761546,2.134
2022-10-26 13:19:13,1666761553,2.145
2022-10-26 13:19:20,1666761560,2.14067
2022-10-26 13:19:26,1666761566,2.10767
2022-10-26 13:19:33,1666761573,2.133
2022-10-26 13:19:39,1666761579,2.13933
2022-10-26 13:19:46,1666761586,2.138
2022-10-26 13:19:53,1666761593,2.132
2022-10-26 13:20:00,1666761600,2.13833
2022-10-26 13:20:06,1666761606,2.136
2022-10-26 13:20:13,1666761613,2.12533
2022-10-26 13:20:20,1666761620,2.14133
2022-10-26 13:20:26,1666761626,2.146
2022-10-26 13:20:33,1666761633,2.12867
2022-10-26 13:20:40,1666761640,2.119
2022-10-26 13:20:46,1666761646,2.12467
2022-10-26 13:20:53,1666761653,2.13167
2022-10-26 13:21:00,1666761660,2.17067
2022-10-26 13:21:06,1666761666,2.121
2022-10-26 13:21:13,1666761673,2.164
2022-10-26 13:21:20,1666761680,2.13033
2022-10-26 13:21:27,1666761687,2.168
2022-10-26 13:21:33,1666761693,2.18133
2022-10-26 13:21:40,1666761700,2.12833
2022-10-26 13:21:47,1666761707,2.12867
2022-10-26 13:21:53,1666761713,2.13167
2022-10-26 13:22:00,1666761720,2.18233
2022-10-26 13:22:07,1666761727,2.17367
2022-10-26 13:22:14,1666761734,2.13333
2022-10-26 13:22:20,1666761740,2.11867
2022-10-26 13:22:27,1666761747,2.11533
2022-10-26 13:22:34,1666761754,2.135
2022-10-26 13:22:40,1666761760,2.14433
2022-10-26 13:22:48,1666761768,2.35433
2022-10-26 13:22:55,1666761775,2.45433
2022-10-26 13:23:03,1666761783,2.50833
2022-10-26 13:23:11,1666761791,2.42067
2022-10-26 13:23:18,1666761798,2.38533
2022-10-26 13:23:26,1666761806,2.46567
2022-10-26 13:23:33,1666761813,2.45
2022-10-26 13:23:41,1666761821,2.44867
2022-10-26 13:23:49,1666761829,2.50867
2022-10-26 13:23:56,1666761836,2.42133
2022-10-26 13:24:04,1666761844,2.49067
2022-10-26 13:24:12,1666761852,2.50633
2022-10-26 13:24:20,1666761860,2.49967
2022-10-26 13:24:27,1666761867,2.46333
2022-10-26 13:24:35,1666761875,2.487
2022-10-26 13:24:43,1666761883,2.524
2022-10-26 13:24:51,1666761891,2.48
2022-10-26 13:24:58,1666761898,2.51733
2022-10-26 13:25:06,1666761906,2.53633
2022-10-26 13:25:14,1666761914,2.45667
2022-10-26 13:25:22,1666761922,2.47033
2022-10-26 13:25:29,1666761929,2.46267
2022-10-26 13:25:37,1666761937,2.51267
2022-10-26 13:25:45,1666761945,2.524
2022-10-26 13:25:53,1666761953,2.52667
2022-10-26 13:26:00,1666761960,2.42433
2022-10-26 13:26:08,1666761968,2.48433
2022-10-26 13:26:16,1666761976,2.49333
2022-10-26 13:26:24,1666761984,2.47233
2022-10-26 13:26:31,1666761991,2.52233
2022-10-26 13:26:39,1666761999,2.442
2022-10-26 13:26:46,1666762006,2.40767
2022-10-26 13:26:54,1666762014,2.46367
2022-10-26 13:27:02,1666762022,2.46933
2022-10-26 13:27:09,1666762029,2.442
2022-10-26 13:27:17,1666762037,2.49533
2022-10-26 13:27:25,1666762045,2.471
2022-10-26 13:27:32,1666762052,2.445
2022-10-26 13:27:40,1666762060,2.479
2022-10-26 13:27:49,1666762069,2.835
2022-10-26 13:27:58,1666762078,2.89633
2022-10-26 13:28:07,1666762087,2.89733
2022-10-26 13:28:16,1666762096,2.90133
2022-10-26 13:28:25,1666762105,2.96033
2022-10-26 13:28:34,1666762114,2.83633
2022-10-26 13:28:42,1666762122,2.83867
2022-10-26 13:28:51,1666762131,2.85667
2022-10-26 13:29:01,1666762141,2.96367
2022-10-26 13:29:09,1666762149,2.892
2022-10-26 13:29:18,1666762158,2.85767
2022-10-26 13:29:27,1666762167,2.90567
2022-10-26 13:29:36,1666762176,2.91567
2022-10-26 13:29:45,1666762185,2.89767
2022-10-26 13:29:54,1666762194,2.89533
2022-10-26 13:30:04,1666762204,2.996
2022-10-26 13:30:13,1666762213,2.99067
2022-10-26 13:30:22,1666762222,2.93733
2022-10-26 13:30:31,1666762231,2.98033
2022-10-26 13:30:40,1666762240,2.937
2022-10-26 13:30:49,1666762249,2.91333
2022-10-26 13:30:59,1666762259,2.95967
2022-10-26 13:31:08,1666762268,2.98433
2022-10-26 13:31:17,1666762277,2.86167
2022-10-26 13:31:25,1666762285,2.787
2022-10-26 13:31:34,1666762294,2.948
2022-10-26 13:31:43,1666762303,2.89867
2022-10-26 13:31:52,1666762312,2.92433
2022-10-26 13:32:02,1666762322,2.93567
2022-10-26 13:32:11,1666762331,2.90833
2022-10-26 13:32:20,1666762340,2.919
2022-10-26 13:32:29,1666762349,2.87967
2022-10-26 13:32:38,1666762358,2.938
2022-10-26 13:32:48,1666762368,3.35367
2022-10-26 13:32:56,1666762376,4.013
